{
  "configProyecto": {
    "titulo": "PROYECTO INMOBILIARIO",
    "subtitulo": "Masterplan Interactivo 360°",
    "vueloCinematico": [
      {
        "pitch": 17.932,
        "yaw": 17.719,
        "hfov": 100
      },
      {
        "pitch": -6.804,
        "yaw": -57.475,
        "hfov": 100
      },
      {
        "pitch": -82.566,
        "yaw": -178.316,
        "hfov": 100
      }
    ]
  },
  "origen": null,
  "norte": 0,
  "lotes": [],
  "horizontes": [],
  "trazos": [
    {
      "id": "CALLE_3D_1783572432118",
      "tipo": "calle-curva-arq2",
      "puntos": [
        [
          62.58355852116813,
          113.90912485702235
        ],
        [
          65.06379824843638,
          121.32769985697779
        ],
        [
          67.99628674473227,
          129.35157753831186
        ],
        [
          71.01721951487494,
          135.23607234634463
        ],
        [
          72.64970087889222,
          144.69773004142968
        ],
        [
          72.04938435795589,
          159.21554084993943
        ],
        [
          70.92550211091931,
          170.07177981710643
        ],
        [
          69.24639423739711,
          -178.97527589047453
        ],
        [
          69.98432971586385,
          -167.74090592830612
        ],
        [
          68.77619557558994,
          -158.68945218086625
        ],
        [
          66.38442640855034,
          -149.95703155030134
        ],
        [
          64.70138784437988,
          -145.61563466020132
        ],
        [
          61.860388103097975,
          -139.66670342463965
        ]
      ],
      "ejeOriginal": [
        [
          62.58355852116813,
          113.90912485702235
        ],
        [
          65.06379824843638,
          121.32769985697779
        ],
        [
          67.99628674473227,
          129.35157753831186
        ],
        [
          71.01721951487494,
          135.23607234634463
        ],
        [
          72.64970087889222,
          144.69773004142968
        ],
        [
          72.04938435795589,
          159.21554084993943
        ],
        [
          70.92550211091931,
          170.07177981710643
        ],
        [
          69.24639423739711,
          -178.97527589047453
        ],
        [
          69.98432971586385,
          -167.74090592830612
        ],
        [
          68.77619557558994,
          -158.68945218086625
        ],
        [
          66.38442640855034,
          -149.95703155030134
        ],
        [
          64.70138784437988,
          -145.61563466020132
        ],
        [
          61.860388103097975,
          -139.66670342463965
        ]
      ],
      "calleCurvaAncho": 8,
      "calleCurvaAlpha": 0.7,
      "calleCurvaCurvatura": 5,
      "geometryVersion": 2
    },
    {
      "id": "LOTE_3D_1783572438410",
      "tipo": "lote-organico",
      "puntos": [
        [
          74.85432034528316,
          98.20218536988736
        ],
        [
          82.33265885458316,
          120.79376988805619
        ],
        [
          75.28997430756552,
          143.49443529869612
        ],
        [
          69.99878097989362,
          119.32860799428228
        ]
      ],
      "calleCurvaAncho": 8,
      "calleCurvaAlpha": 0.7,
      "calleCurvaCurvatura": 5
    }
  ]
}